job,location,type,date
,,,
Client Advisor - Hourly Shared Resources," 
             
              
             GTR, Ontario, Canada "," 
             
              
             Customer Service"," 
            
              Posted 
            11/09/2018"
Client Advisor - Hourly Shared Resources," 
             
              
             GTR, Ontario, Canada "," 
             
              
             Customer Service"," 
            
              Posted 
            11/09/2018"
Client Advisor - Hourly Shared Resources," 
             
              
             GTR, Ontario, Canada "," 
             
              
             Customer Service"," 
            
              Posted 
            11/09/2018"
Client Advisor - Hourly Shared Resources," 
             
              
             GTR, Ontario, Canada "," 
             
              
             Customer Service"," 
            
              Posted 
            11/09/2018"
Client Advisor - Hourly Shared Resources," 
             
              
             GTR, Ontario, Canada "," 
             
              
             Customer Service"," 
            
              Posted 
            11/09/2018"
