Title,Location,Company
Jr. Web Developer,"Barrie, ON",
Junior Technical Support Specialist,"Toronto, ON",Johnson Controls
Software Engineer III,"Toronto, ON",LoyaltyOne
Junior Wordpress Website Developer,"Guelph, ON",
Junior Building Automation Technician,"Toronto, ON",
Junior Software Developer,"Calgary, AB",
Jr. Web Developer,,
Jr. Semantic Web Developer,,
Junior Technical Support Specialist,,Johnson Controls
Junior Support Analyst,,Ontario Institute for Cancer Research
Junior Software Developer,,
Junior Software Developer,,Smart Reader
Junior/Intermediate Front End Developer,,
NEW! Junior Full Stack Developer *NEW GRADUATES WELCOME*,,
Jr. Web Analyst,,DAC Group
Junior Product Support Specialist,"Kanata, ON",Solace Corporation
Junior Software Developer,"Fredericton, NB",
Junior Personal Injury Lawyer,"Toronto, ON",
Junior Inside Sales Representative,"Etobicoke, ON",CSM
Junior Outside Sales Representative,"Richmond Hill, ON",Supreme Basics
,,Aversan Inc.
Junior Software Business Analyst,,
Junior Software Developer,,
Junior Software Developer,,
Software Engineer,,Index Exchange
Junior Web Developer,,Lush Handmade Cosmetics
Jr. QA / Autonomous Vehicle Operator,,
Jr. Internal Web Applications Developer,,Evertz
Junior Data Analyst,,The Career Foundation
Junior Software Configuration Developer,,FOSTER MOORE
Junior Administrator Airline,"Toronto, ON",Sunwing Travel Group
Junior Support,"Fredericton, NB",
Junior Software Developer,"Coquitlam, BC",JYSK Canada
Junior Casino IT Administrator,Canada,Grand Villa Casino
Junior Sales Representative,"Mississauga, ON",Weston Forest
Jr Technical Analyst,,The Co-operators
Junior\Intermediate Software Developer,,
Jr. Helpdesk Analyst,,
Jr. IT Network Administrator,,
Junior Developer - CleverAnt,,Deloitte
Junior Software Tester,,Lockheed Martin Corporation
,,MSi Corp.
Junior Software Developer,,
Junior IT Network Analyst Intern,,
Junior Project Manager / Co-ordinator,"Burnaby, BC",
Junior Hairstylist,"Toronto, ON",
Junior Game Programmer,"Toronto, ON",
Lead and Junior Carpenter,"Toronto, ON",
Junior Architect,"Toronto, ON",
Jr/Intermediate Data Center Technician,"Markham, ON",Symtech
Project Coordinator/Junior Esitmator,"Vaughan, ON",
,,RBC
Mediabrands - Junior Data Analyst,,IPG Mediabrands
Junior / Intermediate Software Developer,,
Junior Customer Success Associate (Support),,
Jr. Web Developer,,
Jr. Software Developer,,
Junior Server/Batch Developer,,RPM Technologies
Jr/Intermediate web developer,,
Junior Data Scientist,,RL Solutions
Junior Graphic Designer & Web Developer,,
Junior Project Technologist,"Saskatoon, SK",
Customer Service Representative,"London, ON",Bill Gosling Outsourcing
Junior Application Developer,"Mississauga, ON",Flynn Group of Companies
Jr. Manager / Team Leader - Eperience Preferred,"Bracebridge, ON",
Avionics - Junior Mechanic (CAT 38),"Toronto, ON",Air Canada
Junior Full Stack Web Developer,,
Junior IOS Developer,,
Web Developer,,Osler
Junior IT Support Representative ( Summer Student 2-Month co...,,Assent Compliance Inc
Full-time Jr. Technician,,LEGOLAND Discovery Centre Toronto
Junior Software Developer,,ECi Software Solutions
Intermediate/Junior Software Developer,,
"Junior Analyst, Pay System",,National Film Board of Canada
Junior Developer,,
"Architecte junior/ Jr. Architect Olymbec – Saint-Laurent, QC","Montréal, QC",
Junior Sales Associate,"Richmond Hill, ON",
Junior Carpenter,"Mississauga, ON",
Sales Associate,"Toronto, ON",
Junior Researcher,"Dorval, QC",
Junior Collector,"Toronto, ON",Gatestone & Co. Inc
Junior Programmer-Casual,,St. Joseph's Health Centre Guelph
Junior Developer,,Agility PR Solutions
Junior Web Developer,,
Junior Customer Success Associate (Onboarding),,
Web Developer,,Mi9 Retail
"Stylist, Jr. Stylist,",,
junior Programmer Analyst,,
JUNIOR SYSTEMS ANALYST,,Magna Lighting
"Software Developer (Python, Linux, Git)","Saskatoon, SK",Mentor Graphics
Junior Stylist / Salon Assistant,"Richmond Hill, ON",
Sales Representative,"Toronto, ON",
Certified Primary / Junior Teacher,"Markham, ON",
Jr. Sales Administration,"Pickering, ON",
Bookkeeper/Junior Accountant,"Richmond Hill, ON",
MINI JOB FAIR - NOW HIRING FOR OVER 30 PLUS POSITIONS!!!,"Toronto, ON",
Junior Full-Stack Developer,"Montréal, QC",Solium Capital
Junior IT Specialist,,IBM
Junior Software Developer,,
Junior IT Systems Administrator,,Cosma International
